Acmaeoblatta,Acmaeoblatta lanceolata,302.92499999999995,302.92499999999995
Acosmoblatta,Acosmoblatta eakiniana,297.2,297.2
Acosmoblatta,Acosmoblatta permacra,297.2,297.2
Actinoblatta,Actinoblatta bucheti,314.6,314.6
Actinoblattula,Actinoblattula brodiei,204.9,204.9
Actinoblattula,Actinoblattula charlesi,204.9,204.9
Actinomylacris,Actinomylacris similis,313.025,313.025
Agrabtoblatta,Agrabtoblatta symmetrica,0.00585,0.00585
Aissoblatta,Aissoblatta brachyna,262.5,262.5
Aissoblatta,Aissoblatta concina,253.17,253.17
Aissoblatta,Aissoblatta orenburgensis,262.5,262.5
Aissoblatta,Aissoblatta parvula,262.5,262.5
Aissoblatta,Aissoblatta rossica,262.5,262.5
Aiuruocatermes,Aiuruocatermes piovezanae,31.0,31.0
Amazonina,Amazonina purperae,1.29985,1.29985
Amblymylacris,Amblymylacris clintoniana,309.2,309.2
Amblymylacris,Amblymylacris harei,302.92499999999995,302.92499999999995
Amekeoblatta,Amekeoblatta elegans,262.5,262.5
Ametroblatta,Ametroblatta strigosa,302.92499999999995,302.92499999999995
Amitermes,Amitermes lucidus,17.130000000000003,17.130000000000003
Amorphoblatta,Amorphoblatta brongniarti,301.29999999999995,301.29999999999995
Anablatta,Anablatta compacta,238.5,238.5
Anaplecta,Anaplecta,17.130000000000003,19.5
Anomomylacris,Anomomylacris cubitalis,313.025,313.025
Anoplotermes,Anoplotermes bohio,17.130000000000003,17.130000000000003
Anoplotermes,Anoplotermes cacique,17.130000000000003,17.130000000000003
Anoplotermes,Anoplotermes carib,17.130000000000003,17.130000000000003
Anoplotermes,Anoplotermes maboya,17.130000000000003,17.130000000000003
Anoplotermes,Anoplotermes naboria,17.130000000000003,17.130000000000003
Anoplotermes,Anoplotermes nitaino,17.130000000000003,17.130000000000003
Anoplotermes,Anoplotermes quisqueya,17.130000000000003,17.130000000000003
Anoplotermes,Anoplotermes taino,17.130000000000003,17.130000000000003
Anthracoblattina,Anthracoblattina,275.8,304.1
Anthracoblattina,Anthracoblattina archangelskyi,315.1,315.1
Anthracoblattina,Anthracoblattina arnhardti,294.5,294.5
Anthracoblattina,Anthracoblattina didyma,302.29999999999995,302.29999999999995
Anthracoblattina,Anthracoblattina dresdensis,313.025,313.025
Anthracoblattina,Anthracoblattina gigantea,301.29999999999995,301.29999999999995
Anthracoblattina,Anthracoblattina lebachensis,294.5,294.5
Anthracoblattina,Anthracoblattina meganalis,301.29999999999995,301.29999999999995
Anthracoblattina,Anthracoblattina mendesi,297.2,297.2
Anthracoblattina,Anthracoblattina porrecta,292.8,297.2
Anthracoblattina,Anthracoblattina poryvaikaensis,284.70000000000005,284.70000000000005
Anthracoblattina,Anthracoblattina rueckerti,292.8,297.2
Anthracoblattina,Anthracoblattina spectabilis,302.29999999999995,302.29999999999995
Anthracoblattina,Anthracoblattina striata,301.29999999999995,301.29999999999995
Anusoblatta,Anusoblatta recta,239.5,239.5
Aphelomylacris,Aphelomylacris modesta,312.525,312.525
Aphthoroblattina,Aphthoroblattina eggintoni,314.6,314.6
Aphthoroblattina,Aphthoroblattina fascigera,313.025,313.025
Aphthoroblattina,Aphthoroblattina irregularis,301.29999999999995,301.29999999999995
Aphthoroblattina,Aphthoroblattina johnsoni,314.6,314.6
Apophthegma,Apophthegma anale,309.2,309.2
Apophthegma,Apophthegma saxonicum,309.2,309.2
Apophthegma,Apophthegma sterzeli,309.2,309.2
Apotypoma,Apotypoma arndti,309.2,309.2
Apotypoma,Apotypoma longa,299.45,299.45
Apotypoma,Apotypoma platyptera,299.45,299.45
Aragonitermes,Aragonitermes teruelensis,108.66499999999999,108.66499999999999
Archaeotiphe,Archaeotiphe barthelemyi,309.2,309.2
Archaeotiphe,Archaeotiphe dalmaisi,309.2,309.2
Archaeotiphe,Archaeotiphe didieri,309.2,309.2
Archaeotiphe,Archaeotiphe regularis,309.2,309.2
Archaeotiphites,Archaeotiphites captiosus,301.29999999999995,301.29999999999995
Archaeotiphites,Archaeotiphites petroblattinoides,301.29999999999995,301.29999999999995
Archangelskyblatta,Archangelskyblatta vishniakovae,315.1,315.1
Archeorhinotermes,Archeorhinotermes rossi,96.55,96.55
Archimesoblatta,Archimesoblatta altera,119.0,119.0
Archimesoblatta,Archimesoblatta kopi,127.2,127.2
Archimesoblatta,Archimesoblatta piniformis,119.0,119.0
Archimesoblatta,Archimesoblatta tendencia,127.2,127.2
Archimulacris,Archimulacris acadica,310.775,310.775
Archimylacridae,Archimylacridae,262.5,328.9
Archimylacridae,Archimylacridae mirabilis,302.29999999999995,302.29999999999995
Archimylacridae,Archimylacridae notabilis,302.29999999999995,302.29999999999995
Archimylacridae,Archimylacridae pelzi,309.2,309.2
Archimylacris,Archimylacris,309.2,316.35
Archimylacris,Archimylacris (Etoblattina) hastata,309.2,309.2
Archimylacris,Archimylacris acadica,310.775,310.775
Archimylacris,Archimylacris atrebatica,314.6,314.6
Archimylacris,Archimylacris belgica,313.025,313.025
Archimylacris,Archimylacris delicata,311.1,311.1
Archimylacris,Archimylacris desaillyi,309.2,309.2
Archimylacris,Archimylacris diensti,313.025,313.025
Archimylacris,Archimylacris elbyi,310.775,310.775
Archimylacris,Archimylacris incisa,314.6,314.6
Archimylacris,Archimylacris lerichei,310.775,310.775
Archimylacris,Archimylacris parallelum,313.025,313.025
Archimylacris,Archimylacris paucinervis,309.2,309.2
Archimylacris,Archimylacris pruvosti,314.6,314.6
Archimylacris,Archimylacris scalaris,309.2,309.2
Archimylacris,Archimylacris simoni,310.775,310.775
Archimylacris,Archimylacris simoniana,310.775,310.775
Archimylacris,Archimylacris venusta,311.1,311.1
Archimylacris,Archimylacris westfalica,314.6,314.6
Archimylacris,Archimylacris woodwardi,313.025,313.025
Archoblattina,Archoblattina beecheri,309.2,309.2
Archoblattina,Archoblattina boulei,301.29999999999995,301.29999999999995
Archoblattina,Archoblattina marcellini,305.35,305.35
Archoblattina,Archoblattina maxima,305.35,305.35
Archoblattina,Archoblattina scudderi,309.2,309.2
Archotermopsis,Archotermopsis tornquisti,35.95,35.95
Arcofuzia,Arcofuzia cana,161.7,161.7
Ardatermes,Ardatermes kudaludi,106.75,106.75
Argentinoblatta,Argentinoblatta,232.5,232.5
Argentinoblatta,Argentinoblatta herbsti,232.5,232.5
Argentinoblattula,Argentinoblattula revelata,232.5,232.5
Arrhythmoblatta,Arrhythmoblatta detecta,297.2,297.2
Arrhythmoblatta,Arrhythmoblatta scudderiana,297.2,297.2
Artitocoblatta,Artitocoblatta gossi,142.6,142.6
Artitocoblatta,Artitocoblatta hispanica,127.2,127.2
Asemoblatta,Asemoblatta brongniartiana,301.29999999999995,301.29999999999995
Asemoblatta,Asemoblatta danielsi,309.2,309.2
Asemoblatta,Asemoblatta humenryi,310.775,310.775
Asemoblatta,Asemoblatta mazona,309.2,309.2
Asemoblatta,Asemoblatta ovata,309.2,309.2
Asemoblatta,Asemoblatta pennsylvanica,312.525,312.525
Asiatermes,Asiatermes reticulatus,117.245,117.245
Asioblatta,Asioblatta punctata,161.7,161.7
Atactoblatta,Atactoblatta anomala,302.92499999999995,302.92499999999995
Atimoblatta,Atimoblatta curvipennis,312.525,312.525
Atimoblatta,Atimoblatta reducta,314.775,314.775
Atlantitermes,Atlantitermes antillea,17.130000000000003,17.130000000000003
Atlantitermes,Atlantitermes caribea,17.130000000000003,17.130000000000003
Atlantitermes,Atlantitermes magnoculus,17.130000000000003,17.130000000000003
Austroblattula,Austroblattula ipsviciensis,218.25,218.25
Austromylacrites,Austromylacrites latus,218.25,218.25
Baissatermes,Baissatermes lapideus,119.0,119.0
Balachonoblatta,Balachonoblatta pectininervosa,301.29999999999995,301.29999999999995
Balachonoblatta,Balachonoblatta zheltojarica,301.29999999999995,301.29999999999995
Balatronis,Balatronis cretacea,96.55,96.55
Balatronis,Balatronis libanensis,127.725,127.725
Barroisiblatta,Barroisiblatta guerrei,309.2,309.2
Barroisiblatta,Barroisiblatta jourdani,309.2,309.2
Barroisiblatta,Barroisiblatta orieulxi,309.2,309.2
Barroisiblatta,Barroisiblatta retroflexa,309.2,309.2
Basiblattina,Basiblattina conformis,119.0,119.0
Batola,Batola nikolai,102.44999999999999,102.44999999999999
Bertrandiblatta,Bertrandiblatta inexpectata,305.35,305.35
Blaberidae,Blaberidae,44.5,44.5
Blaberites,Blaberites rhenana,25.715,25.715
Blatta,Blatta,25.565,25.565
Blatta,Blatta berendti,35.95,35.95
Blatta,Blatta colorata,12.154,12.154
Blatta,Blatta gedanensis,35.95,35.95
Blatta,Blatta pauperata,25.715,25.715
Blatta,Blatta persipicillata,0.00585,0.00585
Blatta,Blatta sundgaviensis,31.15,31.15
Blattapterix,Blattapterix gansu,117.245,117.245
Blattella,Blattella lengleti,96.55,96.55
Blattidae,Blattidae,44.5,44.5
Blattidium,Blattidium fragile,60.400000000000006,60.400000000000006
Blattidium,Blattidium molossus,142.6,142.6
Blattidium,Blattidium symyrus,142.6,142.6
Blattina,Blattina (Etoblattina) dyadica,292.8,292.8
Blattina,Blattina succinea,35.95,35.95
Blattodea,Blattodea,8.470500000000001,316.35
Blattoidea,Blattoidea,51.9,314.6
Blattoidea,Blattoidea anceps,309.2,309.2
Blattoidea,Blattoidea carri,309.2,309.2
Blattoidea,Blattoidea juvenis,305.35,305.35
Blattoidea,Blattoidea lobata,312.525,312.525
Blattoidea,Blattoidea melanderi,309.2,309.2
Blattoidea,Blattoidea schucherti,313.025,313.025
Blattoidea,Blattoidea schuchertiana,309.2,309.2
Blattoidea,Blattoidea sellardsiana,309.2,309.2
Blattotermes,Blattotermes massiliensis,25.565,25.565
Blattotermes,Blattotermes neoxenus,51.9,51.9
Blattotermes,Blattotermes wheeleri,52.2,52.2
Blattula,Blattula,157.8,186.75
Blattula,Blattula aberrans,168.2,168.2
Blattula,Blattula apicifurca,200.3,200.3
Blattula,Blattula brevicaudata,161.7,161.7
Blattula,Blattula choutinensis,148.55,148.55
Blattula,Blattula colorata,178.39999999999998,178.39999999999998
Blattula,Blattula ctinoida,176.5,176.5
Blattula,Blattula cubitalis,178.39999999999998,178.39999999999998
Blattula,Blattula curvula,161.7,161.7
Blattula,Blattula delicatula,127.725,127.725
Blattula,Blattula discors,127.2,127.2
Blattula,Blattula disjuncta,142.4,142.4
Blattula,Blattula dubia,182.5,182.5
Blattula,Blattula elongata,186.75,186.75
Blattula,Blattula extensa,178.39999999999998,178.39999999999998
Blattula,Blattula geinitzi,182.5,182.5
Blattula,Blattula hymena,169.3,169.3
Blattula,Blattula iensis,178.39999999999998,178.39999999999998
Blattula,Blattula incompleta,204.9,204.9
Blattula,Blattula intercalata,182.5,182.5
Blattula,Blattula isotoma,178.39999999999998,178.39999999999998
Blattula,Blattula kellos,161.7,161.7
Blattula,Blattula kiensis,168.2,195.05
Blattula,Blattula lanceolata,160.4,160.4
Blattula,Blattula langfeldti,182.5,182.5
Blattula,Blattula liaoningensis,161.7,161.7
Blattula,Blattula mirta,161.7,161.7
Blattula,Blattula mongolica,148.55,148.55
Blattula,Blattula pachohymena,168.2,169.3
Blattula,Blattula piveteaui,204.9,204.9
Blattula,Blattula platypa,127.725,127.725
Blattula,Blattula prestwichii,142.6,142.6
Blattula,Blattula rudis,117.245,117.245
Blattula,Blattula shurabica,186.75,186.75
Blattula,Blattula sibirica,168.2,168.2
Blattula,Blattula similis,178.39999999999998,178.39999999999998
Blattula,Blattula sincera,169.3,169.3
Blattula,Blattula tchakrasensis,204.9,204.9
Blattula,Blattula tuodianensis,157.8,157.8
Blattula,Blattula turanica,186.75,186.75
Blattula,Blattula udensis,157.8,157.8
Blattula,Blattula vidlickai,148.55,148.55
Blattula,Blattula willmotti,178.39999999999998,178.39999999999998
Blattula,Blattula zaoshangensis,195.05,195.05
Blattulidae,Blattulidae,127.725,200.3
Blattulites,Blattulites bilineatus,178.39999999999998,178.39999999999998
Blattulopsis,Blattulopsis popovi,119.0,119.0
Boltonoblatta,Boltonoblatta pringlei,309.2,309.2
Brachymesoblatta,Brachymesoblatta arcuata,119.0,119.0
Brachymylacris,Brachymylacris bassleri,311.1,311.1
Brachymylacris,Brachymylacris elongata,302.92499999999995,313.025
Brachymylacris,Brachymylacris martini,311.1,311.1
Brachymylacris,Brachymylacris nodulata,314.6,314.6
Brachymylacris,Brachymylacris rotundata,313.025,313.025
Breviblattina,Breviblattina minor,148.55,148.55
Caenoblatta,Caenoblatta angaridensis,301.29999999999995,301.29999999999995
Calcaritermes,Calcaritermes,19.5,19.5
Calcaritermes,Calcaritermes vetus,19.5,19.5
Caloblattina,Caloblattina,119.0,119.0
Caloblattina,Caloblattina liasina,204.9,204.9
Caloblattina,Caloblattina mathildae,182.5,182.5
Caloblattina,Caloblattina rubens,127.2,127.2
Caloblattinidae,Caloblattinidae,102.44999999999999,178.39999999999998
Cantabritermes,Cantabritermes simplex,110.515,110.515
Caribitermes,Caribitermes hispaniola,17.130000000000003,17.130000000000003
Cariblatta,Cariblatta,17.130000000000003,17.130000000000003
Cariblattoides,Cariblattoides labandeirai,48.25,48.25
Carinatermes,Carinatermes nascimbeni,91.85,91.85
Cathayiblatta,Cathayiblatta longata,239.5,239.5
Ceratinoptera,Ceratinoptera cruenta,35.95,35.95
Ceratinoptera,Ceratinoptera didyma,35.95,35.95
Ceratinoptera,Ceratinoptera klebsi,35.95,35.95
Ceratinoptera,Ceratinoptera soror,35.95,35.95
Chalepomylacris,Chalepomylacris pulchra,313.025,313.025
Chilgatermes,Chilgatermes diamatensis,25.565,25.565
Chopardia,Chopardia spinipes,57.6,57.6
Colorifuzia,Colorifuzia agenora,161.7,161.7
Compsoblatta,Compsoblatta,292.8,292.8
Compsoblatta,Compsoblatta anaglyptica,302.29999999999995,302.29999999999995
Compsoblatta,Compsoblatta anthracophila,302.29999999999995,302.29999999999995
Compsoblatta,Compsoblatta couloni,301.29999999999995,301.29999999999995
Compsoblatta,Compsoblatta frankei,294.5,302.29999999999995
Compsoblatta,Compsoblatta mangoldti,294.5,294.5
Compsoblatta,Compsoblatta nobilis,302.29999999999995,302.29999999999995
Compsoblatta,Compsoblatta ovata,301.29999999999995,301.29999999999995
Compsoblatta,Compsoblatta plana,302.29999999999995,312.525
Compsoblattidae,Compsoblattidae,294.5,302.29999999999995
Condorblatta,Condorblatta lutzae,232.5,232.5
Constrictotermes,Constrictotermes electroconstrictus,17.130000000000003,17.130000000000003
Coptotermes,Coptotermes,19.5,19.5
Coptotermes,Coptotermes hirsutus,17.130000000000003,17.130000000000003
Coptotermes,Coptotermes paleodominicanus,17.130000000000003,17.130000000000003
Coptotermes,Coptotermes priscus,17.130000000000003,17.130000000000003
Coptotermes,Coptotermes sucineus,19.5,19.5
Corydiidae,Corydiidae,142.6,142.6
Cratokalotermes,Cratokalotermes santanensis,117.245,117.245
Cratomastotermes,Cratomastotermes wolfschwenningeri,117.245,117.245
Cratovitisma,Cratovitisma oldreadi,117.245,117.245
Cretacechorista,Cretacechorista qilianshanensis,117.245,117.245
Cretaholocompsa,Cretaholocompsa montsecana,127.725,127.725
Cretarhinotermes,Cretarhinotermes novaolindense,117.245,117.245
Cretatermes,Cretatermes carpenteri,97.2,97.2
Cryptotermes,Cryptotermes,0.00585,18.2
Cryptotermes,Cryptotermes glaesarius,17.130000000000003,17.130000000000003
Cryptotermes,Cryptotermes ryshkoffi,18.2,18.2
Cryptotermes,Cryptotermes yamini,17.130000000000003,17.130000000000003
Ctenoblattina,Ctenoblattina arcta,142.6,142.6
Ctenoblattina,Ctenoblattina dignata,161.7,161.7
Cubitoblatta,Cubitoblatta fidelis,253.17,253.17
Cyphomylacris,Cyphomylacris atrata,311.1,311.1
Dazhublattella,Dazhublattella lini,204.9,204.9
Decomposita,Decomposita triocella,161.7,161.7
Delpuenteblatta,Delpuenteblatta dangeloi,238.5,238.5
Dharmatermes,Dharmatermes avernalis,96.55,96.55
Dicladoblatta,Dicladoblatta defossa,297.2,297.2
Dicladoblatta,Dicladoblatta marginata,297.2,297.2
Dictyomylacris,Dictyomylacris,311.1,311.1
Dictyomylacris,Dictyomylacris insignis,301.29999999999995,301.29999999999995
Dictyomylacris,Dictyomylacris jacobsi,301.29999999999995,301.29999999999995
Dictyomylacris,Dictyomylacris multinervis,305.35,305.35
Diechoblattina,Diechoblattina ungeri,142.4,142.4
Diechoblattina,Diechoblattina wallacei,142.6,142.6
Diploptera,Diploptera,61.0,61.0
Diploptera,Diploptera gemini,48.25,48.25
Diploptera,Diploptera savba,48.25,48.25
Diploptera,Diploptera vladimir,48.25,48.25
Diplopterinae,Diplopterinae,51.9,51.9
Dipluroblattina,Dipluroblattina bailyi,142.6,142.6
Discoblatta,Discoblatta scholfieldi,310.775,310.775
Distatoblatta,Distatoblatta persistens,297.2,297.2
Divocina,Divocina noci,161.7,161.7
Dolichorhinotermes,Dolichorhinotermes apopnus,19.5,19.5
Dolichorhinotermes,Dolichorhinotermes dominicanus,17.130000000000003,17.130000000000003
Doryblatta,Doryblatta longipennis,302.92499999999995,302.92499999999995
Dromocites,Dromocites guchengziensis,51.9,51.9
Dromocites,Dromocites orbiculigastrulatus,51.9,51.9
Drybrookia,Drybrookia cubitalis,309.2,309.2
Durdlestoneia,Durdlestoneia antiqua,142.4,142.4
Dysmenes,Dysmenes illustris,312.525,312.525
Eadia,Eadia aidae,102.44999999999999,102.44999999999999
Ectobia,Ectobia arverniensis,57.6,57.6
Ectobia,Ectobia menatensis,57.6,57.6
Ectobiidae,Ectobiidae,44.5,44.5
Ectobius,Ectobius,31.15,31.15
Ectobius,Ectobius balticus,35.95,35.95
Ectobius,Ectobius glabellus,25.715,25.715
Ectobius,Ectobius inclusus,35.95,35.95
Ectobius,Ectobius kohlsi,48.25,48.25
Elaphroblatta,Elaphroblatta intermedia,301.29999999999995,301.29999999999995
Electrotermes,Electrotermes affinis,35.95,35.95
Electrotermes,Electrotermes flecki,52.2,52.2
Electrotermes,Electrotermes girardi,35.95,35.95
Elisama,Elisama,127.2,127.2
Elisama,Elisama brevis,117.245,117.245
Elisama,Elisama cuboides,127.725,127.725
Elisama,Elisama extenuata,127.725,127.725
Elisama,Elisama fragmentaria,127.2,127.2
Elisama,Elisama grandis,119.0,119.0
Elisama,Elisama hindwingnii,117.245,117.245
Elisama,Elisama incerta,127.2,127.2
Elisama,Elisama kneri,142.6,142.6
Elisama,Elisama minor,142.6,142.6
Elisama,Elisama parallela,119.0,119.0
Elisama,Elisama pterostigmata,148.55,148.55
Elisama,Elisama scudderi,142.6,142.6
Elisama,Elisama tsaganica,119.0,119.0
Elisamoides,Elisamoides cantabillingensis,178.39999999999998,178.39999999999998
Elisamoides,Elisamoides mantiformis,148.55,148.55
Elytropterix,Elytropterix magnificiens,119.0,119.0
Eneriblatta,Eneriblatta,302.29999999999995,302.29999999999995
Eneriblatta,Eneriblatta elegantissima,302.29999999999995,302.92499999999995
Eneriblatta,Eneriblatta gallica,302.92499999999995,302.92499999999995
Eneriblatta,Eneriblatta insignis,302.29999999999995,302.29999999999995
Eneriblatta,Eneriblatta lusitanica,302.29999999999995,302.29999999999995
Eneriblatta,Eneriblatta valongensis,302.29999999999995,302.29999999999995
Entropia,Entropia initialis,161.7,161.7
Eolampra,Eolampra longicauda,44.55,44.55
Eoplaneta,Eoplaneta desforesti,57.6,57.6
Eotermes,Eotermes,14.895,14.895
Eotermes,Eotermes grandaeva,25.715,25.715
Eotermes,Eotermes multivenosus,44.55,44.55
Epheboblatta,Epheboblatta attenuata,297.2,297.2
Epilampra,Epilampra,44.55,44.55
Ergaula,Ergaula atica,91.85,91.85
Ergaula,Ergaula stonebut,63.8,63.8
Erucoblatta,Erucoblatta semicaeca,17.130000000000003,17.130000000000003
Etapia,Etapia tomiensis,176.5,176.5
Etoblattina,Etoblattina,297.2,312.525
Etoblattina,Etoblattina fulva,305.35,305.35
Etoblattina,Etoblattina obscura,305.35,305.35
Etoblattina,Etoblattina ovata,301.29999999999995,301.29999999999995
Etoblattina,Etoblattina primaeva,309.2,309.2
Etoblattina,Etoblattina pygmaea,301.29999999999995,301.29999999999995
Etoblattina,Etoblattina robusta,285.6,285.6
Etoblattina,Etoblattina texana,285.6,285.6
Eublattula,Eublattula crassivena,182.5,182.5
Eublattula,Eublattula curvinervis,168.2,168.2
Euisoptera,Euisoptera,0.00585,96.55
Eumorphoblatta,Eumorphoblatta boulei,301.29999999999995,301.29999999999995
Euryblattula,Euryblattula beipiaoensis,182.45,182.45
Euryblattula,Euryblattula chaoyangensis,182.45,182.45
Euryblattula,Euryblattula flabelliformis,178.39999999999998,178.39999999999998
Euryblattula,Euryblattula huapenensis,161.7,161.7
Euryblattula,Euryblattula lepta,200.3,200.3
Euryblattula,Euryblattula lingulata,161.7,161.7
Euryblattula,Euryblattula monchis,176.5,176.5
Euryblattula,Euryblattula obliqua,200.3,200.3
Euryblattula,Euryblattula opima,200.3,200.3
Euryblattula,Euryblattula pura,200.3,200.3
Euryblattula,Euryblattula sparsa,186.75,186.75
Eustegasta,Eustegasta ruficeps,0.00585,0.00585
Euthlastoblatta,Euthlastoblatta,17.130000000000003,17.130000000000003
Flabellites,Flabellites latus,309.2,309.2
Fonsecablatta,Fonsecablatta patricioi,35.95,35.95
Fortiblatta,Fortiblatta cuspicolor,161.7,161.7
Francotermes,Francotermes bauzilensis,7.0165,7.0165
Friciella,Friciella aurea,309.2,309.2
Friedrichsthalia,Friedrichsthalia blatteri,312.525,312.525
Fusiblatta,Fusiblatta arcuata,161.7,161.7
Fusiblatta,Fusiblatta dongchangtaiensis,161.7,161.7
Fuzia,Fuzia dadao,161.7,161.7
Garmitermes,Garmitermes succineus,35.95,35.95
Ginormotermes,Ginormotermes rex,96.55,96.55
Globula,Globula lake,102.44999999999999,102.44999999999999
Glyptotermes,Glyptotermes grimaldii,17.130000000000003,17.130000000000003
Glyptotermes,Glyptotermes paleoliberatus,17.130000000000003,17.130000000000003
Glyptotermes,Glyptotermes pusillus,0.00585,0.00585
Glyptotermes,Glyptotermes shandongianus,13.789000000000001,13.789000000000001
Glyptotermites,Glyptotermites assmuthi,14.81,14.81
Gnathamitermes,Gnathamitermes rousei,18.2,18.2
Gnathotermes,Gnathotermes,18.2,18.2
Gondwablatta,Gondwablatta abrahami,142.4,142.4
Gondwanoblatta,Gondwanoblatta reticulata,284.70000000000005,284.70000000000005
Gongyloblatta,Gongyloblatta fritschi,309.2,309.2
Goniomylacris,Goniomylacris pauper,313.025,313.025
Graciliblatta,Graciliblatta bella,161.7,161.7
Grandocularis,Grandocularis kurnubinsi,106.75,106.75
Grypoblattina,Grypoblattina chandesrisi,309.2,309.2
Grypoblattina,Grypoblattina phaseolus,309.2,309.2
Grypoblattina,Grypoblattina robineti,309.2,309.2
Grypoblattites,Grypoblattites flabellatus,301.29999999999995,301.29999999999995
Grypoblattites,Grypoblattites tortuosus,301.29999999999995,301.29999999999995
Gurvanoblatta,Gurvanoblatta ichesnurensis,119.0,119.0
Gurvanoblatta,Gurvanoblatta mongolica,119.0,119.0
Gyatermes,Gyatermes naganoensis,6.2895,6.2895
Gyatermes,Gyatermes styriensis,9.427,9.427
Gyna,Gyna obesa,57.6,57.6
Gyroblatta,Gyroblatta clarki,312.525,312.525
Gyroblatta,Gyroblatta scapularis,312.525,312.525
Habroblattula,Habroblattula drepanoides,127.725,127.725
Hemimylacrella,Hemimylacrella leptophlebiopsis,301.29999999999995,301.29999999999995
Hemimylacrella,Hemimylacrella mammothi,313.025,313.025
Hemimylacris,Hemimylacris,310.775,310.775
Hemimylacris,Hemimylacris ampla,309.2,309.2
Hemimylacris,Hemimylacris bassleri,311.1,311.1
Hemimylacris,Hemimylacris clintoniana,309.2,309.2
Hemimylacris,Hemimylacris convexa,309.2,309.2
Hemimylacris,Hemimylacris ramificata,313.025,313.025
Hermosablatta,Hermosablatta,232.5,232.5
Hermosablatta,Hermosablatta crassatella,232.5,232.5
Hermosablatta,Hermosablatta pectinata,232.5,232.5
Hermosablatta,Hermosablatta pygmaea,232.5,232.5
Hesperoblatta,Hesperoblatta secunda,302.95,302.95
Hesperoblatta,Hesperoblatta vishniakovae,302.95,302.95
Heterotermes,Heterotermes,19.5,19.5
Heterotermes,Heterotermes eocenicus,35.95,35.95
Heterotermes,Heterotermes primaevus,19.5,19.5
Hispanoblatta,Hispanoblatta sumptuosa,127.725,127.725
Hodotermitidae,Hodotermitidae,6.2895,7.098000000000001
Hodotermopsis,Hodotermopsis iwatensis,8.470500000000001,8.470500000000001
Holocompsa,Holocompsa,17.130000000000003,17.130000000000003
Holocompsa,Holocompsa abbreviata,17.130000000000003,17.130000000000003
Holocompsa,Holocompsa nigra,17.130000000000003,17.130000000000003
Hololampra,Hololampra (Lobolampra) succini,35.95,35.95
Homoeogamia,Homoeogamia ventriosa,35.55,35.55
Hongaya,Hongaya elegans,204.9,204.9
Hsuopterites,Hsuopterites rotundus,292.8,292.8
Huaxiatermes,Huaxiatermes huangi,117.245,117.245
Huguenotermes,Huguenotermes septimaniensis,35.95,35.95
Idanotermes,Idanotermes desioculus,35.95,35.95
Idiomylacris,Idiomylacris gracilis,313.025,313.025
Ignaroblatta,Ignaroblatta,301.29999999999995,301.29999999999995
Ignaroblatta,Ignaroblatta panda,301.29999999999995,301.29999999999995
Ignaroblatta,Ignaroblatta rectisubcosta,301.29999999999995,301.29999999999995
Ignaroblatta,Ignaroblatta sibirica,301.29999999999995,301.29999999999995
Ijablatta,Ijablatta maculata,178.39999999999998,178.39999999999998
Incisitermes,Incisitermes krishnai,19.5,19.5
Incisitermes,Incisitermes peritus,17.130000000000003,17.130000000000003
Irreblatta,Irreblatta relicta,148.55,148.55
Ischnoptera,Ischnoptera,19.5,19.5
Ischnoptera,Ischnoptera brunneri,35.55,35.55
Ischnoptera,Ischnoptera gedanensis,35.95,35.95
Ischnoptera,Ischnoptera klebsi,35.95,35.95
Ischnoptera,Ischnoptera perplexa,35.95,35.95
Ishanablattina,Ishanablattina fodinensis,284.70000000000005,284.70000000000005
Isoplates,Isoplates longipennis,44.55,44.55
Isoptera,Isoptera,7.0165,151.15
Itchetuja,Itchetuja aculeata,160.4,182.45
Jantaropterix,Jantaropterix newjersey,91.85,91.85
Jingyuanoblatta,Jingyuanoblatta pluma,168.8,168.8
Jitermes,Jitermes tsaii,117.245,117.245
Kachinitermes,Kachinitermes tristis,96.55,96.55
Kachinitermopsis,Kachinitermopsis burmensis,96.55,96.55
Kalotermes,Kalotermes,6.2895,21.735
Kalotermes,Kalotermes disruptus,35.95,35.95
Kalotermes,Kalotermes fossus,13.789000000000001,13.789000000000001
Kalotermes,Kalotermes nigellus,13.789000000000001,13.789000000000001
Kalotermes,Kalotermes nisus,13.789000000000001,13.789000000000001
Kalotermes,Kalotermes piacentinii,57.6,57.6
Kalotermes,Kalotermes rhenanus,25.715,25.715
Kalotermitidae,Kalotermitidae,0.00585,51.9
Karatavoblatta,Karatavoblatta formosa,127.725,127.725
Karatavoblatta,Karatavoblatta longicaudata,161.7,161.7
Kashmiroblatta,Kashmiroblatta,284.70000000000005,284.70000000000005
Kashmiroblatta,Kashmiroblatta marahomensis,284.70000000000005,284.70000000000005
Kazachiblattina,Kazachiblattina asiatica,161.7,161.7
Kebaona,Kebaona obscura,204.9,204.9
Kemerowia,Kemerowia kusbassica,186.75,186.75
Keuperoblatta,Keuperoblatta thuringica,232.5,232.5
Khanitermes,Khanitermes acutipennis,119.0,119.0
Kinklidoptera,Kinklidoptera lubnensis,313.025,313.025
Kinklidoptera,Kinklidoptera vicina,309.2,309.2
Kisylblatta,Kisylblatta unifascia,186.75,186.75
Kitjakia,Kitjakia longifurcata,270.55,270.55
Kokandoblattina,Kokandoblattina analis,186.75,186.75
Kridla,Kridla stastia,106.75,106.75
Krishnatermes,Krishnatermes,96.55,96.55
Krishnatermes,Krishnatermes yoddha,96.55,96.55
Kunguroblattina,Kunguroblattina,284.70000000000005,284.70000000000005
Kunguroblattina,Kunguroblattina arcuata,275.8,275.8
Kunguroblattina,Kunguroblattina decora,275.8,275.8
Kunguroblattina,Kunguroblattina elongata,275.8,275.8
Kunguroblattina,Kunguroblattina latimarginata,275.8,275.8
Kunguroblattina,Kunguroblattina microdictya,275.8,275.8
Kunguroblattina,Kunguroblattina minima,275.8,275.8
Kunguroblattina,Kunguroblattina schmitzi,301.29999999999995,301.29999999999995
Kurablattina,Kurablattina mintajaensis,178.39999999999998,178.39999999999998
Laiyangia,Laiyangia delicatula,119.0,119.0
Laiyangia,Laiyangia paradoxiformis,119.0,119.0
Lariojablatta,Lariojablatta chanarensis,232.5,232.5
Lariojablatta,Lariojablatta neiffi,238.5,238.5
Latiblatta,Latiblatta lativalvata,161.7,161.7
Latiblatta,Latiblatta orientalis,51.9,51.9
Latiblatta,Latiblatta spinosa,51.9,51.9
Latiblattella,Latiblattella avita,44.55,44.55
Lebanotermes,Lebanotermes veltzae,127.725,127.725
Leptoblattina,Leptoblattina exilis,314.6,314.6
Leptolythica,Leptolythica vincenti,102.44999999999999,102.44999999999999
Liadoblattina,Liadoblattina blakei,182.5,182.5
Liadoblattina,Liadoblattina euryptera,178.39999999999998,178.39999999999998
Liadoblattina,Liadoblattina laternoforma,127.725,127.725
Liadoblattina,Liadoblattina mongolica,127.2,127.2
Liberiblattina,Liberiblattina ihringovae,161.7,161.7
Liberiblattinidae,Liberiblattinidae,127.2,127.2
Limmatoblatta,Limmatoblatta permensis,270.55,270.55
Liparoblatta,Liparoblatta ovata,297.2,297.2
Liparoblatta,Liparoblatta radiata,297.2,297.2
Liroblatta,Liroblatta internata,292.8,292.8
Lithoblatta,Lithoblatta lithophila,147.9,147.9
Lithomylacris,Lithomylacris ataxica,309.2,309.2
Lithomylacris,Lithomylacris gallica,309.2,309.2
Livetiblatta,Livetiblatta incerta,305.35,305.35
Lutetiatermes,Lutetiatermes,96.55,96.55
Lutetiatermes,Lutetiatermes priscus,96.55,96.55
Lygobius,Lygobius knowltoni,119.0,119.0
Macaroblattula,Macaroblattula ellipsoides,127.725,127.725
Macrotermes,Macrotermes pristinus,12.154,12.154
Macrotermes,Macrotermes scheuthlei,7.0165,14.81
Malmoblattina,Malmoblattina brodiei,142.6,142.6
Malmoblattina,Malmoblattina bucktoni,142.6,142.6
Malmoblattina,Malmoblattina hopei,142.6,142.6
Malmoblattina,Malmoblattina mantelli,142.6,142.6
Malmoblattina,Malmoblattina murrayi,142.6,142.6
Malmoblattina,Malmoblattina peachi,142.6,142.6
Mancusoblatta,Mancusoblatta pulchella,232.5,232.5
Manipulator,Manipulator modificaputis,96.55,96.55
Manoblatta,Manoblatta bertrandi,314.6,314.6
Manoblatta,Manoblatta chalardi,314.6,314.6
Manoblatta,Manoblatta schmidtii,316.35,316.35
Mariconitermes,Mariconitermes talicei,117.245,117.245
Mastotermes,Mastotermes,19.5,25.715
Mastotermes,Mastotermes aethiopicus,19.5,19.5
Mastotermes,Mastotermes anglicus,35.95,35.95
Mastotermes,Mastotermes bournemouthensis,44.55,44.55
Mastotermes,Mastotermes croaticus,12.154,12.154
Mastotermes,Mastotermes electrodominicus,17.130000000000003,17.130000000000003
Mastotermes,Mastotermes electromexicus,19.5,19.5
Mastotermes,Mastotermes gallica,25.565,25.565
Mastotermes,Mastotermes haidingeri,12.154,12.154
Mastotermes,Mastotermes heerii,8.470500000000001,8.470500000000001
Mastotermes,Mastotermes krishnorum,44.5,44.5
Mastotermes,Mastotermes minor,12.154,12.154
Mastotermes,Mastotermes minutus,52.2,52.2
Mastotermes,Mastotermes nepropadyom,127.2,127.2
Mastotermes,Mastotermes picardi,25.715,25.715
Mastotermes,Mastotermes sarthensis,96.55,96.55
Mastotermites,Mastotermites stuttgartensis,14.81,14.81
Mastotermitinae,Mastotermitinae,51.9,51.9
Megalocerca,Megalocerca longipes,147.9,147.9
Meiatermes,Meiatermes araripena,117.245,117.245
Meiatermes,Meiatermes bertrani,127.725,127.725
Meiatermes,Meiatermes hariolus,117.245,117.245
Melqartitermes,Melqartitermes myrrheus,127.725,127.725
Mesitoblatta,Mesitoblatta emersoni,302.29999999999995,302.29999999999995
Mesitoblattella,Mesitoblattella longipennis,309.2,309.2
Mesitoblattella,Mesitoblattella saclieri,309.2,309.2
Mesoblattina,Mesoblattina,161.7,168.2
Mesoblattina,Mesoblattina anceps,142.6,142.6
Mesoblattina,Mesoblattina angustata,198.9,198.9
Mesoblattina,Mesoblattina colominasi,127.2,127.725
Mesoblattina,Mesoblattina cretacea,117.245,117.245
Mesoblattina,Mesoblattina deichmulleri,147.9,147.9
Mesoblattina,Mesoblattina eatoni,142.6,142.6
Mesoblattina,Mesoblattina elongata,142.6,142.6
Mesoblattina,Mesoblattina exigua,142.6,142.6
Mesoblattina,Mesoblattina higginsii,142.6,142.6
Mesoblattina,Mesoblattina kirkbyi,142.6,142.6
Mesoblattina,Mesoblattina kollari,142.6,142.6
Mesoblattina,Mesoblattina minima,142.6,142.6
Mesoblattina,Mesoblattina mongolica,178.39999999999998,178.39999999999998
Mesoblattina,Mesoblattina multivenosa,176.5,186.75
Mesoblattina,Mesoblattina murchisoni,142.6,142.6
Mesoblattina,Mesoblattina paucivenose,171.2,171.2
Mesoblattina,Mesoblattina protypa,176.5,182.5
Mesoblattina,Mesoblattina ramificata,142.6,142.6
Mesoblattina,Mesoblattina recta,142.6,142.6
Mesoblattina,Mesoblattina simplicis,161.7,161.7
Mesoblattina,Mesoblattina sinica,161.7,161.7
Mesoblattina,Mesoblattina stricklandi,142.6,142.6
Mesoblattina,Mesoblattina swintoni,142.6,142.6
Mesoblattina,Mesoblattina symyrus,142.6,142.6
Mesoblattina,Mesoblattina wanbeiensis,168.2,168.2
Mesoblattina,Mesoblattina wuweiensis,132.0,132.0
Mesoblattina,Mesoblattina xiangnanensis,200.3,200.3
Mesoblattinidae,Mesoblattinidae,119.0,204.9
Mesoblattininae,Mesoblattininae,96.55,96.55
Mesoblattopsis,Mesoblattopsis franconica,232.5,232.5
Mesoblattopsis,Mesoblattopsis pruvosti,204.9,204.9
Mesoblattula,Mesoblattula chengdeensis,161.7,161.7
Mesotermopsis,Mesotermopsis incompleta,117.245,117.245
Mesotermopsis,Mesotermopsis lata,117.245,117.245
Metachorus,Metachorus striolatus,311.04999999999995,311.04999999999995
Metachorus,Metachorus testudo,309.2,309.2
Metaphyloblatta,Metaphyloblatta nemejci,309.2,309.2
Metapoblatta,Metapoblatta microptera,311.1,311.1
Metatermites,Metatermites statzi,14.81,14.81
Metaxyblatta,Metaxyblatta gancaoshanensis,292.8,292.8
Metaxyblatta,Metaxyblatta gromotuchensis,284.70000000000005,284.70000000000005
Metaxyblatta,Metaxyblatta hadroptera,313.025,313.025
Methana,Methana,117.245,117.245
Miaroblatta,Miaroblatta balachonensis,301.29999999999995,301.29999999999995
Miaroblatta,Miaroblatta elata,301.29999999999995,301.29999999999995
Microcerotermes,Microcerotermes,0.00585,0.00585
Microcerotermes,Microcerotermes insulanus,17.130000000000003,17.130000000000003
Microcerotermes,Microcerotermes setosus,17.130000000000003,17.130000000000003
Mieroblattina,Mieroblattina pacis,96.55,96.55
Miotermes,Miotermes insignis,12.154,12.154
Miotermes,Miotermes procerus,12.154,12.154
Miotermes,Miotermes randeckensis,14.81,14.81
Miotermes,Miotermes spectabilis,12.154,12.154
Miroblatta,Miroblatta costalis,316.35,316.35
Miroblatta,Miroblatta oberstebrinki,316.35,316.35
Mongolblatta,Mongolblatta accurata,148.55,148.55
Mongolblatta,Mongolblatta sanguinea,127.2,127.2
Moravamylacris,Moravamylacris,297.2,297.2
Moravamylacris,Moravamylacris kukalovae,284.70000000000005,292.8
Moravamylacris,Moravamylacris ricanyensis,297.2,297.2
Morazatermes,Morazatermes krishnai,110.515,110.515
Morphna,Morphna paleo,63.8,63.8
Muelleroblatta,Muelleroblatta camerata,313.025,313.025
Mutovia,Mutovia intercalaria,257.03499999999997,257.03499999999997
Mylacridae,Mylacridae,309.2,310.775
Mylacridae,Mylacridae carbonina,302.29999999999995,302.29999999999995
Mylacridium,Mylacridium berlichi,302.29999999999995,302.29999999999995
Mylacridium,Mylacridium berlichianum,302.29999999999995,302.29999999999995
Mylacridium,Mylacridium brongniarti,302.29999999999995,302.29999999999995
Mylacridium,Mylacridium depressum,302.29999999999995,302.29999999999995
Mylacridium,Mylacridium diversum,302.29999999999995,302.29999999999995
Mylacridium,Mylacridium germari,302.29999999999995,302.29999999999995
Mylacridium,Mylacridium goldenbergi,302.29999999999995,302.29999999999995
Mylacridium,Mylacridium gracile,302.29999999999995,302.29999999999995
Mylacridium,Mylacridium handlirschi,302.29999999999995,302.29999999999995
Mylacridium,Mylacridium incertum,302.29999999999995,302.29999999999995
Mylacridium,Mylacridium jucundum,302.29999999999995,302.29999999999995
Mylacridium,Mylacridium longulum,302.29999999999995,302.29999999999995
Mylacridium,Mylacridium nanum,302.29999999999995,302.29999999999995
Mylacridium,Mylacridium planum,302.29999999999995,302.29999999999995
Mylacridium,Mylacridium pulcrum,302.29999999999995,302.29999999999995
Mylacridium,Mylacridium schroeteri,302.29999999999995,302.29999999999995
Mylacridium,Mylacridium superbum,302.29999999999995,302.29999999999995
Mylacris,Mylacris ampla,309.2,309.2
Mylacris,Mylacris angusta,313.025,313.025
Mylacris,Mylacris anthracophila,309.2,319.2
Mylacris,Mylacris antiqua,309.2,309.2
Mylacris,Mylacris burri,309.2,309.2
Mylacris,Mylacris diplodiscus,309.2,309.2
Mylacris,Mylacris dubia,313.025,313.025
Mylacris,Mylacris lapsa,311.1,311.1
Mylacris,Mylacris lucifuga,313.025,313.025
Mylacris,Mylacris morienensis,310.775,310.775
Mylacris,Mylacris ovalis,312.525,312.525
Mylacris,Mylacris pennsylvanica,312.525,312.525
Mylacris,Mylacris sellardsi,309.2,309.2
Mylacris,Mylacris similis,309.2,309.2
Mylacris,Mylacris truncatula,313.025,313.025
Mylacris,Mylacris virginiana,312.525,312.525
Mylacrotermes,Mylacrotermes cordatus,96.55,96.55
Namablatta,Namablatta elliptica,0.00585,0.00585
Nannoblattina,Nannoblattina brodiei,142.6,142.6
Nannoblattina,Nannoblattina petulantia,193.05,193.05
Nannoblattina,Nannoblattina pinna,142.6,142.6
Nannoblattina,Nannoblattina similis,142.6,142.6
Nannoblattina,Nannoblattina woodwardi,142.4,142.4
Nanotermes,Nanotermes isaacae,51.9,51.9
Nasutitermes,Nasutitermes,19.5,19.5
Nasutitermes,Nasutitermes amplioculatus,17.130000000000003,17.130000000000003
Nasutitermes,Nasutitermes crinitus,17.130000000000003,17.130000000000003
Nasutitermes,Nasutitermes electrinus,19.5,19.5
Nasutitermes,Nasutitermes electronasutus,17.130000000000003,17.130000000000003
Nasutitermes,Nasutitermes incisus,17.130000000000003,17.130000000000003
Nasutitermes,Nasutitermes magnocellus,17.130000000000003,17.130000000000003
Nasutitermes,Nasutitermes medioculatus,17.130000000000003,17.130000000000003
Nasutitermes,Nasutitermes rotundicephalus,17.130000000000003,17.130000000000003
Nasutitermes,Nasutitermes seminudus,17.130000000000003,17.130000000000003
Nearoblatta,Nearoblatta rotundata,297.2,297.2
Necymylacris,Necymylacris heros,313.025,313.025
Necymylacris,Necymylacris lacoana,313.025,313.025
Necymylacris,Necymylacris lerichei,301.29999999999995,301.29999999999995
Necymylacris,Necymylacris meunieri,301.29999999999995,301.29999999999995
Necymylacris,Necymylacris sulcata,316.35,316.35
Nehevblattella,Nehevblattella grofitica,91.85,91.85
Neomylacris,Neomylacris major,313.025,313.025
Neomylacris,Neomylacris pulla,313.025,313.025
Neorthroblattina,Neorthroblattina albolineata,297.2,297.2
Neosimplicius,Neosimplicius medialis,313.025,313.025
Neotermes,Neotermes grassei,57.6,57.6
Netherea,Netherea haatika,91.85,91.85
Nipponoblatta,Nipponoblatta acerba,127.725,127.725
Nipponoblatta,Nipponoblatta deformis,200.3,200.3
Nipponoblatta,Nipponoblatta suzugaminae,182.5,182.5
Nogueroblatta,Nogueroblatta fontllongae,127.725,127.725
Nogueroblatta,Nogueroblatta nana,127.725,127.725
Nula,Nula sis,97.2,97.2
Nuurcala,Nuurcala obesa,127.725,127.725
Nuurcala,Nuurcala popovi,119.0,119.0
Nuurcala,Nuurcala srneci,119.0,119.0
Nyctibora,Nyctibora elongata,25.715,25.715
Nyctibora,Nyctibora succinica,35.95,35.95
Nymphoblatta,Nymphoblatta azari,127.2,127.2
Ocelloblattula,Ocelloblattula ponomarenkoi,127.725,127.725
Ocelloblattula,Ocelloblattula santanensis,117.245,117.245
Oiratia,Oiratia valida,301.29999999999995,301.29999999999995
Olethroblatta,Olethroblatta americana,313.025,313.025
Olethroblatta,Olethroblatta lineolata,311.1,311.1
Olethroblatta,Olethroblatta minuta,294.5,294.5
Olethroblatta,Olethroblatta tomiensis,284.70000000000005,284.70000000000005
Oligokalotermes,Oligokalotermes fischeri,25.565,25.565
Ophismoblatta,Ophismoblatta sibirica,178.39999999999998,178.39999999999998
Opsiomylacris,Opsiomylacris,284.70000000000005,297.2
Opsiomylacris,Opsiomylacris (Opsiomylacris) densistriata,302.29999999999995,302.29999999999995
Opsiomylacris,Opsiomylacris (Posteriomylacris) elegans,292.8,292.8
Opsiomylacris,Opsiomylacris (Posteriomylacris) postelegans,294.5,294.5
Opsiomylacris,Opsiomylacris (Posteriomylacris) preciosa,292.8,292.8
Opsiomylacris,Opsiomylacris (Posteriomylacris) proceriformis,292.8,292.8
Opsiomylacris,Opsiomylacris densistriata,302.29999999999995,302.29999999999995
Opsiomylacris,Opsiomylacris phyloblattoidea,294.5,294.5
Opsiomylacris,Opsiomylacris posthumus,294.5,294.5
Opsiomylacris,Opsiomylacris procera,297.2,297.2
Opsiomylacris,Opsiomylacris procerus,292.8,292.8
Opsiomylacris,Opsiomylacris svitaviensis,292.8,297.2
Opsiomylacris,Opsiomylacris thevenini,301.29999999999995,304.1
Orbablattula,Orbablattula infrequens,127.725,127.725
Orthomylacris,Orthomylacris,304.1,304.1
Orthomylacris,Orthomylacris alutacea,313.025,313.025
Orthomylacris,Orthomylacris analis,313.025,313.025
Orthomylacris,Orthomylacris berryi,311.1,311.1
Orthomylacris,Orthomylacris contorta,309.2,309.2
Orthomylacris,Orthomylacris cordiformis,313.025,313.025
Orthomylacris,Orthomylacris delicatula,309.2,309.2
Orthomylacris,Orthomylacris franklini,311.1,311.1
Orthomylacris,Orthomylacris gurleyi,309.2,309.2
Orthomylacris,Orthomylacris hastata,309.2,309.2
Orthomylacris,Orthomylacris heeri,310.775,310.775
Orthomylacris,Orthomylacris mansfieldi,309.2,312.525
Orthomylacris,Orthomylacris mathieui,305.35,305.35
Orthomylacris,Orthomylacris pauperata,313.025,313.025
Orthomylacris,Orthomylacris pennsylvaniae,313.025,313.025
Orthomylacris,Orthomylacris pittstoniana,313.025,313.025
Orthomylacris,Orthomylacris pluteus,312.525,312.525
Orthomylacris,Orthomylacris recta,311.1,311.1
Orthomylacris,Orthomylacris rigida,309.2,309.2
Oryctomastax,Oryctomastax duboisi,314.6,314.6
Otagotermes,Otagotermes novazealandicus,21.735,21.735
Ottweileria,Ottweileria schmidti,302.92499999999995,302.92499999999995
Oxynoblatta,Oxynoblatta alutacea,311.1,311.1
Oxynoblatta,Oxynoblatta americana,309.2,309.2
Oxynoblatta,Oxynoblatta triangularis,309.2,309.2
Oxynoblatta,Oxynoblatta vicina,302.92499999999995,302.92499999999995
Paleotermopsis,Paleotermopsis oligocenicus,25.565,25.565
Paleovia,Paleovia praecarnia,161.7,161.7
Paraeuthyrrhapha,Paraeuthyrrhapha groehni,35.95,35.95
Paralatindia,Paralatindia saussurei,48.25,48.25
Parallelophora,Parallelophora acuta,44.55,44.55
Parallelophora,Parallelophora anomala,44.55,44.55
Parapanorpa,Parapanorpa ungensis,301.29999999999995,301.29999999999995
Parastylotermes,Parastylotermes,18.2,18.2
Parastylotermes,Parastylotermes calico,18.2,18.2
Parastylotermes,Parastylotermes frazieri,19.5,19.5
Parastylotermes,Parastylotermes krishnai,51.9,51.9
Parastylotermes,Parastylotermes robustus,35.95,35.95
Parastylotermes,Parastylotermes washingtonensis,14.895,14.895
Paratropes,Paratropes fossilis,91.85,91.85
Pareinoblatta,Pareinoblatta expuncta,297.2,297.2
Pareinoblatta,Pareinoblatta sellardsi,309.2,309.2
Parelthoblatta,Parelthoblatta straeleni,314.6,314.6
Paromylacris,Paromylacris rotunda,309.2,309.2
Paromylacris,Paromylacris thevenini,301.29999999999995,301.29999999999995
Parotermes,Parotermes insignis,35.55,35.55
Parvifuzia,Parvifuzia brava,161.7,161.7
Parvifuzia,Parvifuzia marsa,161.7,161.7
Parvifuzia,Parvifuzia peregrina,161.7,161.7
Parvitermes,Parvitermes longinasus,17.130000000000003,17.130000000000003
Patrodoron,Patrodoron auspicatum,275.8,275.8
Paucineura,Paucineura hsui,292.8,292.8
Pedinoblatta,Pedinoblatta,238.5,238.5
Pedinoblatta,Pedinoblatta ishidae,232.5,232.5
Pedinoblatta,Pedinoblatta stromeri,204.9,204.9
Periplaneta,Periplaneta eocaenica,44.5,44.5
Periplaneta,Periplaneta houlberti,57.6,57.6
Periplaneta,Periplaneta hylecoeta,13.789000000000001,13.789000000000001
Periplaneta,Periplaneta lacera,13.789000000000001,13.789000000000001
Periplaneta,Periplaneta relicta,44.5,44.5
Periplaneta,Periplaneta sphodra,13.789000000000001,13.789000000000001
Periplaneta,Periplaneta succinica,35.95,35.95
Perlucipecta,Perlucipecta aurea,127.725,127.725
Perlucipecta,Perlucipecta santanensis,117.245,117.245
Perlucipecta,Perlucipecta vrsanskyi,127.725,127.725
Permoblattina,Permoblattina curta,284.70000000000005,284.70000000000005
Permoblattina,Permoblattina permiana,284.70000000000005,284.70000000000005
Permoponopterix,Permoponopterix lodevensis,275.8,284.70000000000005
Petropterix,Petropterix alexeevi,119.0,119.0
Petropterix,Petropterix kukalovae,106.75,106.75
Petropterix,Petropterix mirabilis,119.0,119.0
Petropterix,Petropterix sibirix,119.0,119.0
Phantocephalus,Phantocephalus meridionalis,13.789000000000001,13.789000000000001
Phauloblatta,Phauloblatta clathrata,302.29999999999995,302.29999999999995
Phthinomylacris,Phthinomylacris medialis,313.025,313.025
Phthinomylacris,Phthinomylacris pauper,311.1,311.1
Phylloblatta,Phylloblatta indecisa,313.025,313.025
Phylloblatta,Phylloblatta latiuscula,270.55,270.55
Phylloblatta,Phylloblatta tartarica,270.55,270.55
Phyllodromia,Phyllodromia antiqua,35.95,35.95
Phyllodromia,Phyllodromia baltica,35.95,35.95
Phyllodromia,Phyllodromia furcifera,35.95,35.95
Phyllodromia,Phyllodromia germari,35.95,35.95
Phyllodromia,Phyllodromia klebsi,35.95,35.95
Phyllodromia,Phyllodromia latissima,35.95,35.95
Phyllodromia,Phyllodromia lorenzmeyeri,35.95,35.95
Phyllodromia,Phyllodromia pristina,35.95,35.95
Phyllodromia,Phyllodromia tenacula,35.95,35.95
Phyllodromia,Phyllodromia yolanda,35.95,35.95
Phyloblatta,Phyloblatta,270.55,313.025
Phyloblatta,Phyloblatta (Carbonoblatta) scabrata,292.8,292.8
Phyloblatta,Phyloblatta (Carbonoblatta) sinica,292.8,292.8
Phyloblatta,Phyloblatta (Phyloblatta) extensa,292.8,292.8
Phyloblatta,Phyloblatta (Phyloblatta) lobata,292.8,292.8
Phyloblatta,Phyloblatta (Phyloblatta) rara,284.70000000000005,284.70000000000005
Phyloblatta,Phyloblatta (Phyloblatta) rigida,292.8,292.8
Phyloblatta,Phyloblatta (Phyloblatta) variata,292.8,292.8
Phyloblatta,Phyloblatta (Phyloblatta) xiangningensis,292.8,292.8
Phyloblatta,Phyloblatta abbreviata,297.2,297.2
Phyloblatta,Phyloblatta abdicata,297.2,297.2
Phyloblatta,Phyloblatta accubita,297.2,297.2
Phyloblatta,Phyloblatta aliena,301.29999999999995,301.29999999999995
Phyloblatta,Phyloblatta alutacea,301.29999999999995,301.29999999999995
Phyloblatta,Phyloblatta alykaevensis,301.29999999999995,301.29999999999995
Phyloblatta,Phyloblatta amabilis,302.29999999999995,302.29999999999995
Phyloblatta,Phyloblatta angusta,297.2,297.2
Phyloblatta,Phyloblatta angustata,302.29999999999995,302.29999999999995
Phyloblatta,Phyloblatta anonyma,301.29999999999995,301.29999999999995
Phyloblatta,Phyloblatta arcuata,297.2,297.2
Phyloblatta,Phyloblatta arealata,301.29999999999995,301.29999999999995
Phyloblatta,Phyloblatta bertrandi,302.29999999999995,302.29999999999995
Phyloblatta,Phyloblatta biramosa,301.29999999999995,301.29999999999995
Phyloblatta,Phyloblatta brevicubitalis,305.35,305.35
Phyloblatta,Phyloblatta brongniartula,301.29999999999995,301.29999999999995
Phyloblatta,Phyloblatta carbonica,301.29999999999995,301.29999999999995
Phyloblatta,Phyloblatta cassvilleana,297.2,297.2
Phyloblatta,Phyloblatta chunyensis,302.95,302.95
Phyloblatta,Phyloblatta communis,297.2,297.2
Phyloblatta,Phyloblatta compacta,284.70000000000005,284.70000000000005
Phyloblatta,Phyloblatta compactiformis,292.8,292.8
Phyloblatta,Phyloblatta concinna,297.2,297.2
Phyloblatta,Phyloblatta curtula,284.70000000000005,284.70000000000005
Phyloblatta,Phyloblatta curvata,284.70000000000005,284.70000000000005
Phyloblatta,Phyloblatta curvinervosa,301.29999999999995,301.29999999999995
Phyloblatta,Phyloblatta curviramosa,284.70000000000005,301.29999999999995
Phyloblatta,Phyloblatta debilis,297.2,297.2
Phyloblatta,Phyloblatta deducta,297.2,297.2
Phyloblatta,Phyloblatta deichmuelleriana,292.8,292.8
Phyloblatta,Phyloblatta deserta,292.8,292.8
Phyloblatta,Phyloblatta dichotoma,297.2,297.2
Phyloblatta,Phyloblatta didierana,309.2,309.2
Phyloblatta,Phyloblatta difficilis,302.29999999999995,302.29999999999995
Phyloblatta,Phyloblatta dimidiata,297.2,297.2
Phyloblatta,Phyloblatta disiuncta,292.8,297.2
Phyloblatta,Phyloblatta distincta,301.29999999999995,301.29999999999995
Phyloblatta,Phyloblatta diversipennis,309.2,309.2
Phyloblatta,Phyloblatta dubia,301.29999999999995,301.29999999999995
Phyloblatta,Phyloblatta elatior,297.2,297.2
Phyloblatta,Phyloblatta expugnata,297.2,297.2
Phyloblatta,Phyloblatta expulsata,297.2,297.2
Phyloblatta,Phyloblatta exsecuta,297.2,297.2
Phyloblatta,Phyloblatta fera,302.29999999999995,302.29999999999995
Phyloblatta,Phyloblatta flabellata,292.8,302.29999999999995
Phyloblatta,Phyloblatta fontanensis,305.35,305.35
Phyloblatta,Phyloblatta fracta,297.2,297.2
Phyloblatta,Phyloblatta fritschiana,302.29999999999995,302.29999999999995
Phyloblatta,Phyloblatta fritschii,302.29999999999995,302.29999999999995
Phyloblatta,Phyloblatta fulvana,305.35,305.35
Phyloblatta,Phyloblatta fulvella,305.35,305.35
Phyloblatta,Phyloblatta funeraria,297.2,297.2
Phyloblatta,Phyloblatta furcatella,301.29999999999995,301.29999999999995
Phyloblatta,Phyloblatta fusca,305.35,305.35
Phyloblatta,Phyloblatta gaudryi,301.29999999999995,302.29999999999995
Phyloblatta,Phyloblatta geinitzi,302.29999999999995,302.29999999999995
Phyloblatta,Phyloblatta germana,302.29999999999995,302.29999999999995
Phyloblatta,Phyloblatta gigantea,297.2,297.2
Phyloblatta,Phyloblatta gimmi,292.8,302.29999999999995
Phyloblatta,Phyloblatta gratiosa,297.2,297.2
Phyloblatta,Phyloblatta grimaldii,218.25,218.25
Phyloblatta,Phyloblatta grosjeani,305.35,305.35
Phyloblatta,Phyloblatta henneni,301.29999999999995,301.29999999999995
Phyloblatta,Phyloblatta hilliana,309.2,309.2
Phyloblatta,Phyloblatta immolata,297.2,297.2
Phyloblatta,Phyloblatta imperfecta,297.2,297.2
Phyloblatta,Phyloblatta incerta,302.29999999999995,302.29999999999995
Phyloblatta,Phyloblatta indistincta,301.29999999999995,301.29999999999995
Phyloblatta,Phyloblatta irregularis,302.29999999999995,302.29999999999995
Phyloblatta,Phyloblatta jeffersoniana,302.92499999999995,302.92499999999995
Phyloblatta,Phyloblatta kansasia,305.35,305.35
Phyloblatta,Phyloblatta khalfini,301.29999999999995,301.29999999999995
Phyloblatta,Phyloblatta kuznetskiensis,301.29999999999995,301.29999999999995
Phyloblatta,Phyloblatta langei,297.2,297.2
Phyloblatta,Phyloblatta lata,284.70000000000005,297.2
Phyloblatta,Phyloblatta latebricola,310.775,310.775
Phyloblatta,Phyloblatta lawrenceana,305.35,305.35
Phyloblatta,Phyloblatta levis,302.29999999999995,302.29999999999995
Phyloblatta,Phyloblatta lineata,301.29999999999995,301.29999999999995
Phyloblatta,Phyloblatta lugubris,305.35,305.35
Phyloblatta,Phyloblatta macerata,297.2,297.2
Phyloblatta,Phyloblatta macilenta,297.2,297.2
Phyloblatta,Phyloblatta macroptera,297.2,297.2
Phyloblatta,Phyloblatta mactata,297.2,297.2
Phyloblatta,Phyloblatta magna,305.35,305.35
Phyloblatta,Phyloblatta majuscula,302.95,302.95
Phyloblatta,Phyloblatta mala,284.70000000000005,284.70000000000005
Phyloblatta,Phyloblatta manca,302.29999999999995,302.29999999999995
Phyloblatta,Phyloblatta manebachensis,302.29999999999995,302.29999999999995
Phyloblatta,Phyloblatta martiusana,302.29999999999995,302.29999999999995
Phyloblatta,Phyloblatta meieri,297.2,297.2
Phyloblatta,Phyloblatta mortua,297.2,297.2
Phyloblatta,Phyloblatta multinervosa,301.29999999999995,301.29999999999995
Phyloblatta,Phyloblatta munda,302.29999999999995,302.29999999999995
Phyloblatta,Phyloblatta obatra,297.2,297.2
Phyloblatta,Phyloblatta obliqua,292.8,297.2
Phyloblatta,Phyloblatta obscurella,301.29999999999995,301.29999999999995
Phyloblatta,Phyloblatta obsoleta,302.29999999999995,302.29999999999995
Phyloblatta,Phyloblatta occidentalis,305.35,305.35
Phyloblatta,Phyloblatta oliveirai,297.2,297.2
Phyloblatta,Phyloblatta parva,301.29999999999995,301.29999999999995
Phyloblatta,Phyloblatta parviradia,266.1,266.1
Phyloblatta,Phyloblatta paulitransversinervis,301.29999999999995,301.29999999999995
Phyloblatta,Phyloblatta pauloi,297.2,297.2
Phyloblatta,Phyloblatta perangusta,309.2,309.2
Phyloblatta,Phyloblatta picturata,301.29999999999995,301.29999999999995
Phyloblatta,Phyloblatta portuensis,302.29999999999995,302.29999999999995
Phyloblatta,Phyloblatta praecompacta,292.8,292.8
Phyloblatta,Phyloblatta praecurvata,292.8,297.2
Phyloblatta,Phyloblatta praedulcis,297.2,297.2
Phyloblatta,Phyloblatta prior,313.025,313.025
Phyloblatta,Phyloblatta propinqua,301.29999999999995,301.29999999999995
Phyloblatta,Phyloblatta purkynei,309.2,309.2
Phyloblatta,Phyloblatta rebaptizata,297.2,297.2
Phyloblatta,Phyloblatta regularis,297.2,297.2
Phyloblatta,Phyloblatta reniformis,301.29999999999995,301.29999999999995
Phyloblatta,Phyloblatta residua,297.2,297.2
Phyloblatta,Phyloblatta resitensis,304.1,304.1
Phyloblatta,Phyloblatta rogi,297.2,297.2
Phyloblatta,Phyloblatta rosasi,302.29999999999995,302.29999999999995
Phyloblatta,Phyloblatta roxoi,297.2,297.2
Phyloblatta,Phyloblatta savagei,305.35,305.35
Phyloblatta,Phyloblatta schusteri,294.5,294.5
Phyloblatta,Phyloblatta scudderiana,297.2,297.2
Phyloblatta,Phyloblatta secreta,297.2,297.2
Phyloblatta,Phyloblatta semiplena,301.29999999999995,301.29999999999995
Phyloblatta,Phyloblatta separanda,305.35,305.35
Phyloblatta,Phyloblatta sibirica,301.29999999999995,301.29999999999995
Phyloblatta,Phyloblatta solida,302.29999999999995,302.29999999999995
Phyloblatta,Phyloblatta sommeri,297.2,297.2
Phyloblatta,Phyloblatta splendens,301.29999999999995,302.29999999999995
Phyloblatta,Phyloblatta stelzneri,292.8,292.8
Phyloblatta,Phyloblatta stirrupi,301.29999999999995,301.29999999999995
Phyloblatta,Phyloblatta thieryi,309.2,309.2
Phyloblatta,Phyloblatta transversalis,313.025,313.025
Phyloblatta,Phyloblatta triangularis,301.29999999999995,301.29999999999995
Phyloblatta,Phyloblatta undata,304.1,304.1
Phyloblatta,Phyloblatta uniformis,297.2,297.2
Phyloblatta,Phyloblatta uralensis,262.5,262.5
Phyloblatta,Phyloblatta virginiana,297.2,297.2
Phyloblatta,Phyloblatta vrsanskyi,275.8,275.8
Phyloblatta,Phyloblatta vulgata,297.2,297.2
Phyloblatta,Phyloblatta wettinensis,302.29999999999995,302.29999999999995
Phyloblattidae,Phyloblattidae,119.0,301.29999999999995
Phylomylacris,Phylomylacris,304.1,313.025
Phylomylacris,Phylomylacris abrupta,309.2,309.2
Phylomylacris,Phylomylacris brevis,309.2,309.2
Phylomylacris,Phylomylacris chailleti,309.2,309.2
Phylomylacris,Phylomylacris chavyi,309.2,309.2
Phylomylacris,Phylomylacris cor,309.2,309.2
Phylomylacris,Phylomylacris fougerollesi,309.2,309.2
Phylomylacris,Phylomylacris godoni,310.775,310.775
Phylomylacris,Phylomylacris lafittei,313.025,313.025
Phylomylacris,Phylomylacris lensiana,309.2,309.2
Phylomylacris,Phylomylacris lievina,309.2,309.2
Phylomylacris,Phylomylacris mantidioides,313.025,313.025
Phylomylacris,Phylomylacris membranacea,309.2,309.2
Phylomylacris,Phylomylacris nervosa,309.2,309.2
Phylomylacris,Phylomylacris parallelus,309.2,309.2
Phylomylacris,Phylomylacris pintrandi,309.2,309.2
Phylomylacris,Phylomylacris pruvostiana,309.2,309.2
Phylomylacris,Phylomylacris reisbachensis,304.1,304.1
Piniblattella,Piniblattella limai,117.245,117.245
Piniblattella,Piniblattella magna,117.245,117.245
Piniblattella,Piniblattella minuta,119.0,119.0
Piniblattella,Piniblattella sharingolensis,127.2,127.2
Piniblattella,Piniblattella vitimica,119.0,119.0
Plagioblatta,Plagioblatta campbelli,312.525,312.525
Plagioblatta,Plagioblatta cockerelli,313.025,313.025
Platyblatta,Platyblatta propria,310.775,310.775
Platyblatta,Platyblatta steinbachensis,309.2,309.2
Platyblattina,Platyblattina ampla,305.35,305.35
Platymylacris,Platymylacris paucinervis,309.2,309.2
Plectoptera,Plectoptera,17.130000000000003,17.130000000000003
Plectoptera,Plectoptera electrina,17.130000000000003,17.130000000000003
Polyetoblatta,Polyetoblatta calopteryx,312.525,312.525
Polyzosteria,Polyzosteria parvula,35.95,35.95
Polyzosteria,Polyzosteria tricuspidata,35.95,35.95
Ponopterix,Ponopterix axelrodi,117.245,117.245
Poroblattina,Poroblattina,297.2,304.1
Poroblattina,Poroblattina arcuata,297.2,297.2
Poroblattina,Poroblattina germari,302.29999999999995,302.29999999999995
Poroblattina,Poroblattina gratiosa,297.2,297.2
Poroblattina,Poroblattina lakesii,297.2,297.2
Poroblattina,Poroblattina parvula,297.2,302.29999999999995
Poroblattina,Poroblattina rotundata,301.29999999999995,302.92499999999995
Potrerilloblatta,Potrerilloblatta stipanicici,238.5,238.5
Praeblattella,Praeblattella dichotoma,119.0,119.0
Praeblattella,Praeblattella elegans,119.0,119.0
Praeblattella,Praeblattella ponomarenkoi,119.0,119.0
Praeblattella,Praeblattella zrnko,119.0,119.0
Prantlites,Prantlites bohemicus,309.2,309.2
Premnoblatta,Premnoblatta duffieuxi,309.2,309.2
Proelectrotermes,Proelectrotermes berendtii,35.95,35.95
Proelectrotermes,Proelectrotermes fodinae,35.55,35.55
Proelectrotermes,Proelectrotermes holmgreni,96.55,96.55
Proelectrotermes,Proelectrotermes roseni,14.81,14.81
Proelectrotermes,Proelectrotermes swinhoei,96.55,96.55
Progeotrupes,Progeotrupes jurassicus,147.9,147.9
Progonoblattina,Progonoblattina heeri,308.5,308.5
Progonoblattina,Progonoblattina helvetica,308.5,308.5
Proholocompsa,Proholocompsa fossilis,35.95,35.95
Prokalotermes,Prokalotermes alderensis,32.05,32.05
Prokalotermes,Prokalotermes hagenii,35.55,35.55
Promylacris,Promylacris ovalis,309.2,309.2
Prostylopyga,Prostylopyga gigantea,57.6,57.6
Prostylotermes,Prostylotermes kamboja,51.9,51.9
Protectobia,Protectobia primordialis,57.6,57.6
Proterema,Proterema rarinervis,297.2,297.2
Pruvostia,Pruvostia villeti,309.2,309.2
Pruvostianus,Pruvostianus antegressus,313.025,313.025
Pseudomylacris,Pseudomylacris wettinense,302.29999999999995,302.29999999999995
Pseudoplecta,Pseudoplecta krassilovi,91.85,91.85
Pseudosymploce,Pseudosymploce,17.130000000000003,17.130000000000003
Pterotermopsis,Pterotermopsis fouldenica,21.735,21.735
Ptilomylacris,Ptilomylacris medialis,311.1,311.1
Ptiloteuthis,Ptiloteuthis foliatus,110.515,110.515
Ptyctoblattina,Ptyctoblattina dilatata,182.5,182.5
Ptyctoblattina,Ptyctoblattina simplicior,182.5,182.5
Pulchellablatta,Pulchellablatta nana,232.5,232.5
Pycnoblattina,Pycnoblattina,284.70000000000005,284.70000000000005
Pycnoscelus,Pycnoscelus,44.55,44.55
Pycnoscelus,Pycnoscelus gardneri,44.55,44.55
Rajharablatta,Rajharablatta laskarii,297.2,297.2
Raphidiomimula,Raphidiomimula burmitica,96.55,96.55
Reticulitermes,Reticulitermes,7.0165,35.95
Reticulitermes,Reticulitermes antiquus,35.95,35.95
Reticulitermes,Reticulitermes creedei,25.715,25.715
Reticulitermes,Reticulitermes dofleini,14.81,14.81
Reticulitermes,Reticulitermes fossarum,35.55,35.55
Reticulitermes,Reticulitermes hartungi,12.154,12.154
Reticulitermes,Reticulitermes holmgreni,25.715,25.715
Reticulitermes,Reticulitermes laurae,18.2,18.2
Reticulitermes,Reticulitermes minimus,35.95,35.95
Reticulitermes,Reticulitermes pliozaenicus,3.0940000000000003,3.0940000000000003
Rhaetoblattina,Rhaetoblattina brevis,204.9,204.9
Rhinotermes,Rhinotermes miocenicus,6.2895,6.2895
Rhinotermites,Rhinotermites dzierzoni,14.81,14.81
Rhinotermites,Rhinotermites kuehni,14.81,14.81
Rhinotermites,Rhinotermites wasmanni,14.81,14.81
Rhinotermitidae,Rhinotermitidae,8.470500000000001,51.9
Rhipidoblatta,Rhipidoblatta brevivalvata,161.7,161.7
Rhipidoblatta,Rhipidoblatta fusca,161.7,161.7
Rhipidoblatta,Rhipidoblatta grandis,127.2,127.2
Rhipidoblattina,Rhipidoblattina,157.8,193.05
Rhipidoblattina,Rhipidoblattina (Canaliblatta) hebeiensis,161.7,178.39999999999998
Rhipidoblattina,Rhipidoblattina (Canaliblatta) tenuis,161.7,161.7
Rhipidoblattina,Rhipidoblattina (Canaliblatta) yanqingensis,161.7,161.7
Rhipidoblattina,Rhipidoblattina angustata,186.75,186.75
Rhipidoblattina,Rhipidoblattina beipiaoensis,161.7,161.7
Rhipidoblattina,Rhipidoblattina boya,178.39999999999998,178.39999999999998
Rhipidoblattina,Rhipidoblattina bucklandi,142.6,142.6
Rhipidoblattina,Rhipidoblattina chichengensis,161.7,161.7
Rhipidoblattina,Rhipidoblattina decoris,119.0,127.725
Rhipidoblattina,Rhipidoblattina elegans,186.75,186.75
Rhipidoblattina,Rhipidoblattina emacerata,161.7,161.7
Rhipidoblattina,Rhipidoblattina forticrusa,200.3,200.3
Rhipidoblattina,Rhipidoblattina fuxinensis,119.0,119.0
Rhipidoblattina,Rhipidoblattina geikiei,198.9,198.9
Rhipidoblattina,Rhipidoblattina gurvaniensis,119.0,119.0
Rhipidoblattina,Rhipidoblattina jilinensis,119.0,119.0
Rhipidoblattina,Rhipidoblattina kisylkiensis,186.75,186.75
Rhipidoblattina,Rhipidoblattina lacunata,127.2,127.2
Rhipidoblattina,Rhipidoblattina lanceolata,161.7,161.7
Rhipidoblattina,Rhipidoblattina latior,186.75,186.75
Rhipidoblattina,Rhipidoblattina liaoningensis,161.7,161.7
Rhipidoblattina,Rhipidoblattina liugouensis,161.7,161.7
Rhipidoblattina,Rhipidoblattina lonchopteris,239.5,239.5
Rhipidoblattina,Rhipidoblattina longa,161.7,182.45
Rhipidoblattina,Rhipidoblattina maculata,161.7,161.7
Rhipidoblattina,Rhipidoblattina magna,119.0,119.0
Rhipidoblattina,Rhipidoblattina mayingziensis,182.45,182.45
Rhipidoblattina,Rhipidoblattina nanligezhuangensis,119.0,119.0
Rhipidoblattina,Rhipidoblattina radipinguis,169.3,169.3
Rhipidoblattina,Rhipidoblattina shulanensis,119.0,119.0
Rhipidoblattina,Rhipidoblattina spathulata,123.955,123.955
Rhipidoblattina,Rhipidoblattina tulunensis,178.39999999999998,178.39999999999998
Rhipidoblattinopsis,Rhipidoblattinopsis latitergata,161.7,161.7
Rhodesiomylacris,Rhodesiomylacris bondi,256.03499999999997,256.03499999999997
Rithma,Rithma daltoni,142.6,142.6
Rithma,Rithma purbeccensis,142.6,142.6
Rithma,Rithma westwoodi,142.6,142.6
Samaroblatta,Samaroblatta,168.2,232.5
Samaroblatta,Samaroblatta acuminata,182.45,182.45
Samaroblatta,Samaroblatta africanum,195.05,195.05
Samaroblatta,Samaroblatta blabelloides,218.25,218.25
Samaroblatta,Samaroblatta corrientesina,232.5,232.5
Samaroblatta,Samaroblatta fronda,232.5,232.5
Samaroblatta,Samaroblatta frondoidis,168.8,168.8
Samaroblatta,Samaroblatta gausis,168.8,168.8
Samaroblatta,Samaroblatta gualoensis,232.5,232.5
Samaroblatta,Samaroblatta incompleta,167.2,167.2
Samaroblatta,Samaroblatta intercalata,218.25,218.25
Samaroblatta,Samaroblatta jonesi,218.25,218.25
Samaroblatta,Samaroblatta kuznetskiensis,176.5,176.5
Samaroblatta,Samaroblatta nitida,195.05,200.3
Samaroblatta,Samaroblatta parvula,232.5,232.5
Samaroblatta,Samaroblatta reticulata,218.25,218.25
Samaroblatta,Samaroblatta rhypha,200.3,200.3
Samaroblatta,Samaroblatta tomica,186.75,186.75
Samaroblatta,Samaroblatta triassica,218.25,218.25
Samaroblatta,Samaroblatta turanica,168.2,195.05
Samaroblatta,Samaroblatta wangyingziensis,161.7,161.7
Samaroblatta,Samaroblatta zhouyingziensis,161.7,161.7
Samaroblattella,Samaroblattella kenderlykensis,218.25,218.25
Samaroblattella,Samaroblattella revelata,232.5,232.5
Samaroblattula,Samaroblattula,186.75,186.75
Samaroblattula,Samaroblattula furcatella,186.75,186.75
Samaroblattula,Samaroblattula houchengensis,161.7,161.7
Samaroblattula,Samaroblattula lata,161.7,161.7
Samaroblattula,Samaroblattula lineata,161.7,161.7
Samaroblattula,Samaroblattula lingulata,161.7,161.7
Samaroblattula,Samaroblattula oshinensis,167.2,167.2
Samaroblattula,Samaroblattula reticulata,171.2,171.2
Samaroblattula,Samaroblattula scabra,195.05,195.05
Samaroblattula,Samaroblattula subacuta,186.75,195.05
Santonitermes,Santonitermes chloeae,102.44999999999999,102.44999999999999
Santonitermes,Santonitermes transbaikalicus,127.2,127.2
Sardycblatta,Sardycblatta tikhvinskii,270.55,270.55
Sardyoblatta,Sardyoblatta (Bifurciblatta) pectinata,284.70000000000005,284.70000000000005
Sardyoblatta,Sardyoblatta lata,292.8,292.8
Sardyoblatta,Sardyoblatta xiashanensis,292.8,292.8
Sardyoblattina,Sardyoblattina kimurai,232.5,232.5
Schambeloblattina,Schambeloblattina formosa,198.9,198.9
Scleroblatta,Scleroblatta densa,244.6,244.6
Scudderula,Scudderula arcta,297.2,297.2
Sellardsula,Sellardsula cordata,305.35,305.35
Sellardsula,Sellardsula radialis,305.35,305.35
Shanxiblatta,Shanxiblatta striata,292.8,292.8
Shanxiblatta,Shanxiblatta suni,292.8,292.8
Shartegoblattina,Shartegoblattina colorata,127.2,127.2
Shartegoblattina,Shartegoblattina elongata,148.55,148.55
Sibiroblatta,Sibiroblatta flexuosa,301.29999999999995,301.29999999999995
Sibiroblatta,Sibiroblatta lenticulata,292.8,292.8
Simplicius,Simplicius simplex,309.2,309.2
Sinoblatta,Sinoblatta laiyangensis,119.0,119.0
Sinogramma,Sinogramma reticularis,119.0,119.0
Sivis,Sivis odpo,102.44999999999999,102.44999999999999
Skok,Skok svaba,161.7,161.7
Sobytie,Sobytie tungusicum,251.735,251.735
Sociala,Sociala perlucida,102.44999999999999,102.44999999999999
Sogdoblatta,Sogdoblatta,161.7,186.75
Sogdoblatta,Sogdoblatta abakanensis,171.2,171.2
Sogdoblatta,Sogdoblatta baleica,178.39999999999998,178.39999999999998
Sogdoblatta,Sogdoblatta compressa,186.75,195.05
Sogdoblatta,Sogdoblatta elongata,178.39999999999998,186.75
Sogdoblatta,Sogdoblatta haifanggouensis,161.7,161.7
Sogdoblatta,Sogdoblatta heiheensis,161.7,161.7
Sogdoblatta,Sogdoblatta luanpingensis,161.7,161.7
Sogdoblatta,Sogdoblatta magnifica,186.75,186.75
Sogdoblatta,Sogdoblatta maxima,232.5,232.5
Sogdoblatta,Sogdoblatta nana,232.5,232.5
Sogdoblatta,Sogdoblatta parvula,167.2,167.2
Sogdoblatta,Sogdoblatta porrecta,232.5,232.5
Sogdoblatta,Sogdoblatta robusta,186.75,186.75
Sogdoblatta,Sogdoblatta shanxiensis,239.5,239.5
Sogdoblatta,Sogdoblatta similis,186.75,186.75
Solemnia,Solemnia alexandri,148.55,148.55
Soliblatta,Soliblatta lampra,200.3,200.3
Sooblatta,Sooblatta boltoniana,309.2,309.2
Sooblatta,Sooblatta deanensis,309.2,311.1
Sooblatta,Sooblatta lanceolata,309.2,309.2
Sooblatta,Sooblatta stephanensis,305.35,305.35
Sooblatta,Sooblatta villeti,309.2,309.2
Sooblattella,Sooblattella britannica,309.2,309.2
Soomylacris,Soomylacris celtica,309.2,309.2
Soomylacris,Soomylacris flexuosus,304.1,304.1
Soomylacris,Soomylacris gallica,310.775,310.775
Soomylacris,Soomylacris lievinensis,309.2,309.2
Soomylacris,Soomylacris lotharingiae,313.025,313.025
Soomylacris,Soomylacris northi,309.2,309.2
Soomylacris,Soomylacris obesa,309.2,309.2
Soomylacris,Soomylacris pruvosti,310.775,310.775
Soomylacris,Soomylacris strahani,309.2,309.2
Soomylacris,Soomylacris truncata,309.2,309.2
Spargotermes,Spargotermes costalimai,35.95,35.95
Sphaleroblattina,Sphaleroblattina ingens,302.29999999999995,302.29999999999995
Sphenomylacris,Sphenomylacris singularis,313.025,313.025
Spiloblattina,Spiloblattina homigtalensis,292.8,292.8
Spiloblattina,Spiloblattina lawrenceana,302.29999999999995,305.35
Spiloblattina,Spiloblattina odernheimensis,292.8,297.2
Spiloblattina,Spiloblattina pygmaea,302.92499999999995,304.1
Spiloblattina,Spiloblattina sperbersbachensis,292.8,292.8
Spiloblattina,Spiloblattina variegata,302.92499999999995,305.35
Spiloblattina,Spiloblattina weissigensis,292.8,297.2
Spiloblattinidae,Spiloblattinidae,276.0,305.35
Spiloblattinidae,Spiloblattinidae gardinerana,297.2,297.2
Spiloblattinidae,Spiloblattinidae zinkeniana,302.29999999999995,302.29999999999995
Srdiecko,Srdiecko tri,161.7,161.7
Stantoniella,Stantoniella cretacea,77.05,77.05
Stegoblatta,Stegoblatta irmgardgroehni,35.95,35.95
Stenomylacris,Stenomylacris elegans,313.025,313.025
Stenomylacris,Stenomylacris montagnei,309.2,309.2
Stenotegmina,Stenotegmina comivana,61.0,61.0
Stephanomylacris,Stephanomylacris,302.29999999999995,302.29999999999995
Stephanomylacris,Stephanomylacris duriensis,302.29999999999995,302.29999999999995
Stephanomylacris,Stephanomylacris zbyszewskii,302.29999999999995,302.29999999999995
Sterzelia,Sterzelia lamurensis,302.92499999999995,302.92499999999995
Sterzelia,Sterzelia steinmanni,301.29999999999995,301.29999999999995
Stolotermes,Stolotermes amanoi,8.470500000000001,8.470500000000001
Stolotermes,Stolotermes kupe,21.735,21.735
Strictiblatta,Strictiblatta longanusis,83.25,83.25
Stygetoblatta,Stygetoblatta latipennis,302.92499999999995,302.92499999999995
Subioblatta,Subioblatta karatavica,161.7,161.7
Subioblatta,Subioblatta madygenica,232.5,232.5
Subioblatta,Subioblatta recta,218.25,218.25
Subioblatta,Subioblatta tongchuanensis,239.5,239.5
Subioblatta,Subioblatta undulata,244.6,244.6
Subulitermes,Subulitermes hispaniola,17.130000000000003,17.130000000000003
Subulitermes,Subulitermes insularis,17.130000000000003,17.130000000000003
Summatiblatta,Summatiblatta colorata,200.3,200.3
Supella,Supella (Nemosupella) miocenica,19.5,19.5
Svabula,Svabula vzorkovana,127.2,127.2
Syagriotermes,Syagriotermes salomeae,102.44999999999999,102.44999999999999
Symploce,Symploce rete,0.00585,0.00585
Syncoptoblatta,Syncoptoblatta thoracica,301.29999999999995,301.29999999999995
Syscioblatta,Syscioblatta allegheniensis,302.29999999999995,302.29999999999995
Syscioblatta,Syscioblatta anomala,302.92499999999995,302.92499999999995
Syscioblatta,Syscioblatta dohrni,302.29999999999995,302.92499999999995
Syscioblatta,Syscioblatta euryptera,294.5,294.5
Syscioblatta,Syscioblatta kaierkanensis,294.5,294.5
Syscioblatta,Syscioblatta minor,302.92499999999995,302.92499999999995
Syscioblatta,Syscioblatta misera,302.92499999999995,302.92499999999995
Syscioblatta,Syscioblatta obscura,302.92499999999995,302.92499999999995
Syscioblatta,Syscioblatta pennsylvanica,302.29999999999995,302.29999999999995
Syscioblatta,Syscioblatta slusiensis,292.8,292.8
Syscioblatta,Syscioblatta steubenvilleana,302.92499999999995,302.92499999999995
Syscioblatta,Syscioblatta teberdensis,302.95,302.95
Sysciolata,Sysciolata vorkutensis,275.8,275.8
Sysciophlebia,Sysciophlebia,297.2,302.92499999999995
Sysciophlebia,Sysciophlebia acutipennis,302.92499999999995,302.92499999999995
Sysciophlebia,Sysciophlebia adumbrata,302.92499999999995,302.92499999999995
Sysciophlebia,Sysciophlebia affinis,302.92499999999995,302.92499999999995
Sysciophlebia,Sysciophlebia alligans,292.8,297.2
Sysciophlebia,Sysciophlebia angusta,304.1,304.1
Sysciophlebia,Sysciophlebia arcuata,305.35,305.35
Sysciophlebia,Sysciophlebia balteata,292.8,302.92499999999995
Sysciophlebia,Sysciophlebia benedicta,302.92499999999995,302.92499999999995
Sysciophlebia,Sysciophlebia euglyptica,292.8,302.92499999999995
Sysciophlebia,Sysciophlebia grata,304.1,304.1
Sysciophlebia,Sysciophlebia hercynica,297.2,297.2
Sysciophlebia,Sysciophlebia hybrida,302.92499999999995,302.92499999999995
Sysciophlebia,Sysciophlebia ilfeldensis,297.2,297.2
Sysciophlebia,Sysciophlebia intermedia,302.92499999999995,302.92499999999995
Sysciophlebia,Sysciophlebia invisa,297.2,297.2
Sysciophlebia,Sysciophlebia kovacsae,275.8,275.8
Sysciophlebia,Sysciophlebia nana,302.92499999999995,302.92499999999995
Sysciophlebia,Sysciophlebia obtusa,302.92499999999995,302.92499999999995
Sysciophlebia,Sysciophlebia oligoneura,302.29999999999995,302.29999999999995
Sysciophlebia,Sysciophlebia patiens,297.2,297.2
Sysciophlebia,Sysciophlebia picta,302.92499999999995,302.92499999999995
Sysciophlebia,Sysciophlebia praepilata,301.29999999999995,301.29999999999995
Sysciophlebia,Sysciophlebia recidiva,297.2,297.2
Sysciophlebia,Sysciophlebia rotundata,302.92499999999995,302.92499999999995
Sysciophlebia,Sysciophlebia rubida,302.29999999999995,302.29999999999995
Sysciophlebia,Sysciophlebia schucherti,302.92499999999995,302.92499999999995
Sysciophlebia,Sysciophlebia scudderi,302.92499999999995,302.92499999999995
Sysciophlebia,Sysciophlebia stulta,302.29999999999995,302.29999999999995
Sysciophlebia,Sysciophlebia subtilis,302.29999999999995,302.29999999999995
Sysciophlebia,Sysciophlebia variegata,302.92499999999995,302.92499999999995
Sysciophlebia,Sysciophlebia whitei,302.92499999999995,302.92499999999995
Taieritermes,Taieritermes krishnai,21.735,21.735
Tamacblatta,Tamacblatta baschkirica,270.55,270.55
Tanytermes,Tanytermes anawrahtai,96.55,96.55
Tarakanula,Tarakanula shcherbakovi,119.0,119.0
Taublatta,Taublatta,186.75,186.75
Taublatta,Taublatta curvata,186.75,186.75
Taublatta,Taublatta deradialis,204.9,204.9
Taublatta,Taublatta dubiosa,186.75,186.75
Taublatta,Taublatta grandis,167.2,167.2
Taublatta,Taublatta hesta,176.5,176.5
Taublatta,Taublatta kisylkiensis,186.75,186.75
Taublatta,Taublatta lata,219.15,219.15
Taublatta,Taublatta ninghuaensis,168.8,168.8
Taublatta,Taublatta niujiaoshiensis,169.3,169.3
Taublatta,Taublatta semifoliosa,169.3,169.3
Taublatta,Taublatta siccitifoliosa,169.3,169.3
Taublatta,Taublatta simplina,218.25,226.735
Taublatta,Taublatta strenis,176.5,176.5
Taublatta,Taublatta yangshugouensis,182.45,182.45
Taublattopsis,Taublattopsis costalis,178.39999999999998,178.39999999999998
Telmablatta,Telmablatta impar,44.55,44.55
Temnopteryx,Temnopteryx klebsi,35.95,35.95
Termes,Termes,0.00585,44.55
Termes,Termes primitivus,17.130000000000003,17.130000000000003
Termes,Termes siruguei,25.565,25.565
Termitidae,Termitidae,2.197,35.95
Termitinae,Termitinae,0.00585,14.81
Termitotron,Termitotron vendeense,91.85,91.85
Termopsis,Termopsis bremii,35.95,35.95
Termopsis,Termopsis gracilipennis,31.15,31.15
Termopsis,Termopsis mallaszi,12.154,12.154
Termopsis,Termopsis transsylvanica,12.154,12.154
Termopsis,Termopsis ukapirmasi,35.95,35.95
Testudiblatta,Testudiblatta xilutianensis,51.9,51.9
Thuringoblatta,Thuringoblatta gimmi,232.5,232.5
Thuringoblatta,Thuringoblatta sogdianensis,232.5,232.5
Tomacblatta,Tomacblatta bifurcullata,292.8,292.8
Tomacblatta,Tomacblatta reticulata,292.8,292.8
Transitoblatta,Transitoblatta reticulata,244.6,244.6
Triassoblatta,Triassoblatta,214.65,244.6
Triassoblatta,Triassoblatta argentina,232.5,232.5
Triassoblatta,Triassoblatta bella,232.5,232.5
Triassoblatta,Triassoblatta cargnini,239.5,239.5
Triassoblatta,Triassoblatta damiaoliangensis,161.7,161.7
Triassoblatta,Triassoblatta dehiscens,232.5,232.5
Triassoblatta,Triassoblatta denmeadi,232.5,232.5
Triassoblatta,Triassoblatta fusiformis,161.7,161.7
Triassoblatta,Triassoblatta grandis,232.5,232.5
Triassoblatta,Triassoblatta hyptis,218.25,218.25
Triassoblatta,Triassoblatta insignita,218.25,218.25
Triassoblatta,Triassoblatta intermedia,218.25,218.25
Triassoblatta,Triassoblatta intramedia,232.5,232.5
Triassoblatta,Triassoblatta jonesi,232.5,232.5
Triassoblatta,Triassoblatta natalensis,232.5,232.5
Triassoblatta,Triassoblatta obtusa,232.5,232.5
Triassoblatta,Triassoblatta okafujii,232.5,232.5
Triassoblatta,Triassoblatta opistodictyna,204.9,204.9
Triassoblatta,Triassoblatta ovata,232.5,232.5
Triassoblatta,Triassoblatta phyllopteris,239.5,239.5
Triassoblatta,Triassoblatta reducta,227.85,227.85
Triassoblatta,Triassoblatta robusta,232.5,232.5
Triassoblatta,Triassoblatta rotundipenna,232.5,232.5
Triassoblatta,Triassoblatta simplex,232.5,232.5
Triassoblatta,Triassoblatta tasmanica,227.85,227.85
Triassoblatta,Triassoblatta tegmina,204.9,204.9
Triassoblatta,Triassoblatta tenuicubiti,232.5,232.5
Triassoblatta,Triassoblatta triquestra,232.5,232.5
Triassoblatta,Triassoblatta tudupinensis,218.25,226.735
Triassoblatta,Triassoblatta typica,218.25,218.25
Triassoblatta,Triassoblatta uralica,203.9,203.9
Trilophomylacris,Trilophomylacris cabassuti,309.2,309.2
Trilophomylacris,Trilophomylacris virelyi,309.2,309.2
Trinervitermes,Trinervitermes,0.00585,0.00585
Turoniblatta,Turoniblatta israelica,91.85,91.85
Ulmeriella,Ulmeriella,6.2895,19.5
Ulmeriella,Ulmeriella aquisextana,25.565,25.565
Ulmeriella,Ulmeriella bauckhorni,18.45,25.715
Ulmeriella,Ulmeriella cockerelli,25.565,25.565
Ulmeriella,Ulmeriella latahensis,14.895,14.895
Ulmeriella,Ulmeriella martynovi,7.0165,21.735
Ulmeriella,Ulmeriella pliocenica,7.0165,7.0165
Ulmeriella,Ulmeriella rubiensis,32.05,32.05
Ulmeriella,Ulmeriella shizukuishiensis,8.470500000000001,8.470500000000001
Ulmeriella,Ulmeriella strausi,3.0940000000000003,3.0940000000000003
Ulmeriella,Ulmeriella uemurai,8.470500000000001,8.470500000000001
Ulmeriella,Ulmeriella willershausensis,3.0940000000000003,3.0940000000000003
Ungoneurites,Ungoneurites paucinervis,301.29999999999995,301.29999999999995
Uraloblatta,Uraloblatta insignis,276.0,276.0
Uraloblatta,Uraloblatta minor,276.0,276.0
Valditermes,Valditermes,127.725,127.725
Valditermes,Valditermes brenanae,133.2,133.2
Velocitermes,Velocitermes bulbus,17.130000000000003,17.130000000000003
Vitisma,Vitisma diffusa,119.0,119.0
Vitisma,Vitisma occidentalis,127.725,127.725
Vitisma,Vitisma orientalis,127.2,127.2
Vitisma,Vitisma rasnitsyni,119.0,119.0
Vivablatta,Vivablatta orenburgensis,262.5,262.5
Vivablatta,Vivablatta pectinacea,262.5,262.5
Voltziablatta,Voltziablatta grauvogeli,244.6,244.6
Voltziablatta,Voltziablatta intercalata,244.6,244.6
Vrtula,Vrtula sama,119.0,119.0
Waipiatatermes,Waipiatatermes matatoka,21.735,21.735
Xenoblatta,Xenoblatta,301.29999999999995,301.29999999999995
Xenoblatta,Xenoblatta adjuncta,301.29999999999995,301.29999999999995
Xenoblatta,Xenoblatta deichmuelleri,292.8,292.8
Xenoblatta,Xenoblatta fraterna,310.775,310.775
Xenoblatta,Xenoblatta incelebrata,301.29999999999995,301.29999999999995
Xenoblatta,Xenoblatta leptophlebica,302.29999999999995,302.29999999999995
Xenoblatta,Xenoblatta longa,292.8,292.8
Xenoblatta,Xenoblatta martynovi,301.29999999999995,301.29999999999995
Xenoblatta,Xenoblatta muetzei,302.29999999999995,302.29999999999995
Xenoblatta,Xenoblatta ornatissima,294.5,294.5
Xenoblatta,Xenoblatta parvitatis,301.29999999999995,301.29999999999995
Xenoblatta,Xenoblatta pennsylvanica,313.025,313.025
Xenoblatta,Xenoblatta ploetziana,301.29999999999995,302.29999999999995
Xenoblatta,Xenoblatta russoma,302.29999999999995,302.29999999999995
Xenoblatta,Xenoblatta simoniana,302.29999999999995,302.29999999999995
Xenoblatta,Xenoblatta tomiensis,301.29999999999995,301.29999999999995
Xenoblatta,Xenoblatta visenda,301.29999999999995,301.29999999999995
Xonpepetla,Xonpepetla rinconensis,77.05,77.05
Yanjingtermes,Yanjingtermes giganteus,117.245,117.245
Yongdingia,Yongdingia opipara,117.245,117.245
Zavjaloblatta,Zavjaloblatta rotundata,301.29999999999995,301.29999999999995
Zetobora,Zetobora brunneri,35.55,35.55
Zeunera,Zeunera madeleinae,57.6,57.6
Zeunera,Zeunera superba,57.6,57.6
Zhujiblatta,Zhujiblatta anofissilis,123.955,123.955
Zootermopsis,Zootermopsis coloradensis,35.55,35.55
Zophotermes,Zophotermes,51.9,51.9
Zophotermes,Zophotermes ashoki,51.9,51.9
